run_id,name,faults,input_rate,committee_size,transaction_size,execution_time,batch_size,consensus_tps,consensus_bps,consensus_latency,end_to_end_tps,end_to_end_bps,end_to_end_latency,runs
1,,0.0,100000.0,4.0,256.0,60.0,204800.0,100033.0,25608515.5,13.0,99993.5,25598293.5,110.5,
2,,0.0,100000.0,4.0,256.0,56.0,204800.0,100026.33333333331,25606755.0,55.333333333333336,100005.33333333331,25601317.0,266.3333333333333,
3,hotstuff,0.0,100000.0,4.0,256.0,61.0,204800.0,100234.0,25659932.0,5.666666666666667,100003.0,25600719.666666668,33.0,
4,hotstuff,0.0,100000.0,4.0,256.0,59.0,204800.0,100007.0,25601867.0,16.0,99934.0,25583121.0,173.0,
5,hotstuff,0.0,100000.0,4.0,256.0,60.0,204800.0,99965.0,25591072.0,38.0,99944.0,25585548.0,264.0,
6,hotstuff,0.0,100000.0,4.0,256.0,60.0,204800.0,99980.0,25594813.0,18.0,99955.0,25588454.0,242.0,
7,hotstuff,0.0,100000.0,4.0,256.0,59.0,204800.0,99984.0,25595917.333333332,24.0,99944.33333333333,25585707.666666668,226.33333333333334,3.0
